﻿<?xml version="1.0" encoding="utf-8"?><DEFECTS><DEFECT>
    <SFA>
      <FILEPATH>C:\Users\evan_\source\repos\SyntaxAnalyzer\SyntaxAnalyzer\</FILEPATH>
      <FILENAME>Parser.h</FILENAME>
      <LINE>8</LINE>
      <COLUMN>1</COLUMN>
    </SFA>
    <DEFECTCODE>26495</DEFECTCODE>
    <DESCRIPTION>Variable 'Parser::lexer' is uninitialized. Always initialize a member variable (type.6).</DESCRIPTION>
    <FUNCTION>Parser::{ctor}</FUNCTION>
    <DECORATED>??0Parser@@QAE@XZ</DECORATED>
    <FUNCLINE>8</FUNCLINE>
    <ADDITIONALINFO>
      <targetSymbol>Parser::lexer</targetSymbol>
    </ADDITIONALINFO>
    <PATH></PATH>
  </DEFECT></DEFECTS>